{"schemaVersion":"1.0","appDefinitionTemplate":{"id":"/providers/Microsoft.PowerApps/apps/","type":"Microsoft.PowerApps/apps","tags":{"primaryDeviceWidth":"640","primaryDeviceHeight":"1136","sienaVersion":"20220309T072038Z-3.22022.23.0","deviceCapabilities":"webcam","supportsPortrait":"true","supportsLandscape":"true","primaryFormFactor":"Phone","publisherVersion":"3.22022.23","minimumRequiredApiVersion":"2.2.0","hasComponent":"false","hasUnlockedComponent":"false","isUnifiedRootApp":"false"},"properties":{"appVersion":"2022-03-09T07:20:38Z","lifeCycleId":"Published","createdByClientVersion":{"major":3,"minor":22022,"build":23,"revision":0,"majorRevision":0,"minorRevision":0},"minClientVersion":{"major":3,"minor":22022,"build":23,"revision":0,"majorRevision":0,"minorRevision":0},"backgroundColor":"rgba(255, 255, 255, 1)","backgroundImageUri":"/8186392069182514483/Ncf1f6e99-8a6d-4766-9442-6be968c8ff47-logoSmallFile","displayName":"Face Mask Detection","description":"Power App demonstration with AI-infused. AI Model is trained with Lobe. This app will use your camera to detect your face mask is On or Off with the AI model.","commitMessage":"","appUris":{"documentUri":{"value":"/8186392069182514483/N058cf933-cd06-40bc-a012-757036c0c1bc-document.msapp"},"imageUris":[]},"createdTime":"0001-01-01T00:00:00Z","lastModifiedTime":"0001-01-01T00:00:00Z","sharedGroupsCount":0,"sharedUsersCount":0,"icons":{"smallIconUri":"/8186392069182514483/N0ef0c723-a4cd-45f0-a1a1-f1d3ab661495-small.png","mediumIconUri":"/8186392069182514483/Nb536d282-61a4-4950-89e4-b3d3ae43984e-medium.png","largeIconUri":"/8186392069182514483/N5d4f32d7-8e95-4db7-811c-20ba6d904eec-large.png","wideIconUri":"/8186392069182514483/N10df4f11-2d91-4439-8846-809cb7bc9c9c-wide.png"},"connectionReferences":{},"databaseReferences":{"default.cds":{"databaseDetails":{"referenceType":"Environmental","environmentName":"default.cds","overrideValues":{"status":"NotSpecified"}},"dataSources":{"43b0dc67-68af-47ae-9a9c-9e69d396ba3e":{"entitySetName":"msdyn_aimodels","logicalName":"msdyn_aimodel"}},"components":[{"componentName":"msdyn_AIModel","identifier":"081034ca-779f-ec11-b400-002248576bd2","identifierType":"UniqueId"}],"actions":["providers/PowerPlatform.Governance/Operations/Read"]}},"almMode":"Environment","performanceOptimizationEnabled":true,"canConsumeAppPass":true,"executionRestrictions":{"isTeamsOnly":false,"dataLossPreventionEvaluationResult":{"status":"Compliant","lastEvaluationDate":"2022-03-09T03:46:06.4473153Z","violations":[],"violationsByPolicy":[],"violationErrorMessage":"The app uses the following connectors: ."}}},"appType":"ClassicCanvasApp","appComponents":[]}}