{"schemaVersion":"1.0","appDefinitionTemplate":{"id":"/providers/Microsoft.PowerApps/apps/","type":"Microsoft.PowerApps/apps","tags":{"primaryDeviceWidth":"640","primaryDeviceHeight":"1136","sienaVersion":"20220310T072123Z-3.22022.23.0","deviceCapabilities":"webcam","supportsPortrait":"true","supportsLandscape":"true","primaryFormFactor":"Phone","publisherVersion":"3.22022.23","minimumRequiredApiVersion":"2.2.0","hasComponent":"false","hasUnlockedComponent":"false","isUnifiedRootApp":"false"},"properties":{"appVersion":"2022-03-10T07:21:23Z","lifeCycleId":"Published","createdByClientVersion":{"major":3,"minor":22022,"build":23,"revision":0,"majorRevision":0,"minorRevision":0},"minClientVersion":{"major":3,"minor":22022,"build":23,"revision":0,"majorRevision":0,"minorRevision":0},"backgroundColor":"rgba(255, 255, 255, 1)","backgroundImageUri":"/8186392069182514483/Ndceb5275-de2a-44c0-a51e-ef9b5bf88ded-logoSmallFile","displayName":"Face Mask Detection","description":"Power App demonstration with AI-infused. AI Model is trained with Lobe. This app will use your camera to detect your face mask is On or Off with the AI model.","commitMessage":"","appUris":{"documentUri":{"value":"/8186392069182514483/Ne6d27a1a-cb47-4491-9484-f08a557c1d5b-document.msapp"},"imageUris":[]},"createdTime":"0001-01-01T00:00:00Z","lastModifiedTime":"0001-01-01T00:00:00Z","sharedGroupsCount":0,"sharedUsersCount":0,"icons":{"smallIconUri":"/8186392069182514483/N35eb0873-7068-4b7b-9ee1-f50a28323736-small.png","mediumIconUri":"/8186392069182514483/Nb622104e-d4d7-4660-9647-769742533854-medium.png","largeIconUri":"/8186392069182514483/N8cac3369-b48b-475c-a2e8-bee72e263280-large.png","wideIconUri":"/8186392069182514483/Nebdcab2e-6b15-4cf4-9cf5-841e19dbf39a-wide.png"},"connectionReferences":{},"databaseReferences":{"default.cds":{"databaseDetails":{"referenceType":"Environmental","environmentName":"default.cds","overrideValues":{"status":"NotSpecified"}},"dataSources":{"43b0dc67-68af-47ae-9a9c-9e69d396ba3e":{"entitySetName":"msdyn_aimodels","logicalName":"msdyn_aimodel"}},"components":[{"componentName":"msdyn_AIModel","identifier":"081034ca-779f-ec11-b400-002248576bd2","identifierType":"UniqueId"}],"actions":["providers/PowerPlatform.Governance/Operations/Read"]}},"almMode":"Environment","performanceOptimizationEnabled":true,"canConsumeAppPass":true,"executionRestrictions":{"isTeamsOnly":false,"dataLossPreventionEvaluationResult":{"status":"Compliant","lastEvaluationDate":"2022-03-09T03:46:06.4473153Z","violations":[],"violationsByPolicy":[],"violationErrorMessage":"The app uses the following connectors: ."}}},"appType":"ClassicCanvasApp","appComponents":[]}}